Gene,Protein1,Level
NGFR,CDC42,Level_01
NGFR,ARHGDIB,Level_01
NGFR,OMG,Level_01
NGFR,NTRK3,Level_01
NGFR,NTRK2,Level_01
NGFR,BEX3,Level_01
NGFR,SORCS2,Level_01
NGFR,IRAK1,Level_01
NGFR,RTN4,Level_01
NGFR,FADD,Level_01
NGFR,APP,Level_01
NGFR,NDN,Level_01
NGFR,RIPK2,Level_01
NGFR,RHOA,Level_01
NGFR,MAGED1,Level_01
NGFR,ARHGDIA,Level_01
NGFR,TRAF6,Level_01
NGFR,TRADD,Level_01
NGFR,ARHGDIG,Level_01
NGFR,RTN4R,Level_01
HMOX1,HEPH,Level_01
HMOX1,NQO1,Level_01
HMOX1,KEAP1,Level_01
HMOX1,NFE2L2,Level_01
HMOX1,FXN,Level_01
HMOX1,POR,Level_01
HMOX1,FECH,Level_01
HMOX1,CP,Level_01
HMOX1,BLVRA,Level_01
HMOX1,BLVRB,Level_01
PGRMC1,PGR,Level_01
PGRMC1,TMEM97,Level_01
PGRMC1,INSIG1,Level_01
PGRMC1,FECH,Level_01
GAPDHS,ALDOA,Level_01
GAPDHS,PGK1,Level_01
GAPDHS,ALDOC,Level_01
GAPDHS,BPGM,Level_01
GAPDHS,GPI,Level_01
GAPDHS,PGK2,Level_01
GAPDHS,TKT,Level_01
GAPDHS,H6PD,Level_01
GAPDHS,TALDO1,Level_01
GAPDHS,TKTL1,Level_01
GAPDHS,ALDOB,Level_01
GAPDHS,GAPDH,Level_01
GAPDHS,TKTL2,Level_01
MPO,CAMP,Level_01
MPO,CP,Level_01
MPO,MMP9,Level_01
MPO,APOA1,Level_01
MPO,LTF,Level_01
MPO,CTSS,Level_01
MPO,CEACAM8,Level_01
MPO,RNASE3,Level_01
MPO,CES1,Level_01
MPO,BPI,Level_01
MPO,LYZ,Level_01
MPO,RUNX1,Level_01
ABI3,CYFIP1,Level_01
ABI3,WASF1,Level_01
ABI3,CYFIP2,Level_01
ABI3,WASF3,Level_01
ABI3,ABI3BP,Level_01
ABI3,NCKAP1,Level_01
ABI3,BRK1,Level_01
ABI3,WASF2,Level_01
ABI3,NCKAP1L,Level_01
TPI1,SHMT2,Level_01
TPI1,G6PD,Level_01
TPI1,PFKL,Level_01
TPI1,ENO3,Level_01
TPI1,TKTL1,Level_01
TPI1,PFKP,Level_01
TPI1,TKTL2,Level_01
TPI1,PNMA8B,Level_01
TPI1,ALDOB,Level_01
TPI1,PGAM4,Level_01
TPI1,TKFC,Level_01
TPI1,DERA,Level_01
TPI1,PKM,Level_01
TPI1,ENO1,Level_01
TPI1,ALDOC,Level_01
TPI1,ALDOA,Level_01
TPI1,PGAM1,Level_01
TPI1,PFKM,Level_01
TPI1,H6PD,Level_01
TPI1,TKT,Level_01
TPI1,CSTF3,Level_01
TPI1,TALDO1,Level_01
TPI1,ENO2,Level_01
TPI1,BPGM,Level_01
TPI1,LOC112694756,Level_01
TPI1,PGK2,Level_01
TPI1,PGAM2,Level_01
MAPK14,ESR1,Level_01
MAPK14,ESR2,Level_01
MAPK14,MEF2A,Level_01
MAPK14,RAPGEF3,Level_01
MAPK14,BCL10,Level_01
MAPK14,PTPN5,Level_01
MAPK14,MED1,Level_01
MAPK14,CARD9,Level_01
MAPK14,DLG1,Level_01
MAPK14,FOXO1,Level_01
MAPK14,DUSP10,Level_01
MAPK14,RPS6KA5,Level_01
MAPK14,DUSP1,Level_01
MAPK14,FOXO4,Level_01
MAPK14,PGR,Level_01
MAPK14,MAP2K2,Level_01
MAPK14,CDC25C,Level_01
MAPK14,DUSP9,Level_01
MAPK14,CEBPB,Level_01
MAPK14,JUN,Level_01
MAPK14,TP53,Level_01
MAPK14,AKT3,Level_01
MAPK14,MKNK1,Level_01
MAPK14,DDIT3,Level_01
MAPK14,DUSP7,Level_01
MAPK14,MAP2K6,Level_01
MAPK14,ATF2,Level_01
MAPK14,ZAP70,Level_01
MAPK14,PTK2,Level_01
MAPK14,MAPKAPK3,Level_01
MAPK14,AKT1,Level_01
MAPK14,DUSP3,Level_01
MAPK14,MAX,Level_01
MAPK14,MAP2K7,Level_01
MAPK14,PTPN7,Level_01
MAPK14,PTPRR,Level_01
MAPK14,MAP2K1,Level_01
MAPK14,DUSP4,Level_01
MAPK14,MAPKAPK5,Level_01
MAPK14,FOXO3,Level_01
MAPK14,AKT2,Level_01
MAPK14,MAP3K7,Level_01
MAPK14,MAPK9,Level_01
MAPK14,RPS6KA4,Level_01
MAPK14,FOS,Level_01
MAPK14,MAPK3,Level_01
MAPK14,HSPB2,Level_01
MAPK14,CDKN2A,Level_01
MAPK14,PRKG1,Level_01
MAPK14,SP1,Level_01
MAPK14,PPARGC1A,Level_01
MAPK14,CDC25B,Level_01
MAPK14,NCOA3,Level_01
MAPK14,MAPK8,Level_01
MAPK14,MALT1,Level_01
MAPK14,CDC42,Level_01
MAPK14,MAPK1,Level_01
MAPK14,MAP2K4,Level_01
MAPK14,DUSP16,Level_01
MAPK14,CARM1,Level_01
MAPK14,MAP3K5,Level_01
LRP1,ANXA6,Level_01
LRP1,APBB1,Level_01
LRP1,APP,Level_01
LRP1,SERPINE1,Level_01
LRP1,A2M,Level_01
LRP1,LPL,Level_01
LRP1,HSP90B1,Level_01
LRP1,HPX,Level_01
LRP1,LRP2,Level_01
LRP1,THBS1,Level_01
LRP1,CALR,Level_01
LRP1,LRPAP1,Level_01
LRP1,DLG4,Level_01
LRP1,PLAT,Level_01
LRP1,HSP90AA1,Level_01
LRP1,HSPA4,Level_01
LRP1,HSP90AB1,Level_01
PIN1,IRF3,Level_01
PIN1,HIPK2,Level_01
PIN1,TP53,Level_01
NECTIN2,CTLA4,Level_01
NECTIN2,PARD3,Level_01
NECTIN2,PVRIG,Level_01
NECTIN2,ACKR1,Level_01
NECTIN2,KLRK1,Level_01
NECTIN2,NECTIN1,Level_01
NECTIN2,NCR3,Level_01
NECTIN2,CRTAM,Level_01
NECTIN2,NECTIN4,Level_01
APOE,ABCG1,Level_01
APOE,APOH,Level_01
APOE,CETP,Level_01
APOE,LPA,Level_01
APOE,APOM,Level_01
APOE,TTR,Level_01
APOE,PSEN1,Level_01
APOE,PLA2G7,Level_01
APOE,TREM2,Level_01
APOE,APOD,Level_01
APOE,MAPT,Level_01
APOE,SNCA,Level_01
APOE,CD44,Level_01
APOE,PLTP,Level_01
APOE,APOL1,Level_01
APOE,INS,Level_01
APOE,LIPC,Level_01
APOE,VLDLR,Level_01
APOE,APOA4,Level_01
APOE,HSPG2,Level_01
APOE,PSEN2,Level_01
APOE,LPL,Level_01
APOE,A2M,Level_01
APOE,CFH,Level_01
APOE,SORL1,Level_01
APOE,LCAT,Level_01
APOE,SERPINA3,Level_01
APOE,CARM1,Level_01
APOE,APOC4,Level_01
APOE,VTN,Level_01
APOE,ABCA1,Level_01
APOE,APCS,Level_01
APOE,ALB,Level_01
APOE,SCARB1,Level_01
APOE,SDC1,Level_01
APOE,PON1,Level_01
APOE,APOA5,Level_01
EIF2S1,HSPA5,Level_01
EIF2S1,EIF4G1,Level_01
EIF2S1,EIF3D,Level_01
EIF2S1,RPS26,Level_01
EIF2S1,EIF1AX,Level_01
EIF2S1,RPS29,Level_01
EIF2S1,EIF3J,Level_01
EIF2S1,ATF6,Level_01
EIF2S1,ATF4,Level_01
EIF2S1,RPS11,Level_01
EIF2S1,EIF3C,Level_01
EIF2S1,EIF2A,Level_01
EIF2S1,CCT2,Level_01
EIF2S1,ABCE1,Level_01
EIF2S1,RPS27,Level_01
EIF2S1,EIF1AY,Level_01
EIF2S1,FAU,Level_01
EIF2S1,EIF3K,Level_01
EIF2S1,RPS27A,Level_01
EIF2S1,PPP1CC,Level_01
EIF2S1,RPS13,Level_01
EIF2S1,RPS15A,Level_01
EIF2S1,EIF3G,Level_01
EIF2S1,EIF3CL,Level_01
EIF2S1,RPS14,Level_01
EIF2S1,EIF3H,Level_01
EIF2S1,EIF1,Level_01
EIF2S1,EIF3E,Level_01
EIF2S1,EIF3M,Level_01
EIF2S1,RPS23,Level_01
EIF2S1,MRPS5,Level_01
EIF2S1,RPS9,Level_01
EIF2S1,EIF3F,Level_01
EIF2S1,EIF2S3B,Level_01
EIF2S1,RPSA,Level_01
EIF2S1,RACK1,Level_01
EIF2S1,RPS19,Level_01
EIF2S1,EIF3L,Level_01
EIF2S1,RPS12,Level_01
EIF2S1,RPS16,Level_01
EIF2S1,RPL19,Level_01
EIF2S1,RPS18,Level_01
EIF2S1,EIF4E,Level_01
EIF2S1,RPS21,Level_01
EIF2S1,DDIT3,Level_01
EIF2S1,RPS27L,Level_01
EIF2S1,RPS24,Level_01
EIF2S1,RPL7A,Level_01
EIF2S1,RPS10,Level_01
EIF2S1,DDX3X,Level_01
EIF2S1,PPP1CA,Level_01
EIF2S1,RPS20,Level_01
EIF2S1,RPL23A,Level_01
EIF2S1,RPS25,Level_01
EIF2S1,RPS6,Level_01
EIF2S1,EIF5,Level_01
EIF2S1,RPS2,Level_01
EIF2S1,RPS15,Level_01
EIF2S1,RPS8,Level_01
EIF2S1,RPS10-NUDT3,Level_01
EIF2S1,EIF1B,Level_01
EIF2S1,EIF2AK1,Level_01
EIF2S1,EIF2AK3,Level_01
EIF2S1,EIF4A1,Level_01
EIF2S1,RPS17,Level_01
EIF2S1,RPS5,Level_01
EIF2S1,PPP1CB,Level_01
EIF2S1,RPS28,Level_01
EIF2S1,RPS7,Level_01
EIF2S1,RPS4X,Level_01
EIF2S1,RPL4,Level_01
SORL1,GGA1,Level_01
SORL1,APOE,Level_01
SORL1,GGA2,Level_01
SORL1,VPS26A,Level_01
ADAM10,TSPAN15,Level_01
ADAM10,NOTCH1,Level_01
ADAM10,APP,Level_01
ADAM10,ADAM17,Level_01
ADAM10,EFNA2,Level_01
ADAM10,HBEGF,Level_01
ADAM10,BACE1,Level_01
ADAM10,TSPAN14,Level_01
ADAM10,DLG1,Level_01
ADAM10,TSPAN5,Level_01
ADAM10,TSPAN33,Level_01
CYP46A1,POR,Level_01
CYP46A1,CYP27A1,Level_01
CYP46A1,CYP39A1,Level_01
CYP46A1,CYP7A1,Level_01
CYP46A1,CH25H,Level_01
CYP46A1,DHCR7,Level_01
SLC30A4,SLC39A4,Level_01
CD33,ANPEP,Level_01
CD33,TREM2,Level_01
CD33,CD34,Level_01
CD33,FCGR3A,Level_01
CD33,FCGR3B,Level_01
ABCA7,APOA1,Level_01
SYP,APP,Level_01
SYP,SYT1,Level_01
SYP,SYN1,Level_01
SYP,SV2A,Level_01
SYP,RAB3A,Level_01
SYP,SNAP25,Level_01
SYP,CHGA,Level_01
IL1B,CCL4,Level_01
IL1B,CASP8,Level_01
IL1B,TGFB1,Level_01
IL1B,TLR2,Level_01
IL1B,CCL3,Level_01
IL1B,CCL2,Level_01
IL1B,IL17A,Level_01
IL1B,CXCL10,Level_01
IL1B,JUN,Level_01
IL1B,IL6R,Level_01
IL1B,STAT3,Level_01
IL1B,RELA,Level_01
IL1B,IL4,Level_01
IL1B,IL6,Level_01
IL1B,CXCL2,Level_01
IL1B,GSDMD,Level_01
IL1B,CD4,Level_01
IL1B,TRAF6,Level_01
IL1B,NLRP3,Level_01
IL1B,CASP4,Level_01
IL1B,TNF,Level_01
IL1B,IRAK1,Level_01
IL1B,IRAK4,Level_01
IL1B,IL13,Level_01
IL1B,IL9,Level_01
IL1B,NFKB1,Level_01
IL1B,IL18,Level_01
IL1B,A2M,Level_01
IL1B,CCL20,Level_01
IL1B,NLRC4,Level_01
IL1B,HMGB1,Level_01
IL1B,IL1RN,Level_01
IL1B,CD40,Level_01
IL1B,IL3,Level_01
IL1B,PTGS2,Level_01
IL1B,TLR4,Level_01
IL1B,NFKBIA,Level_01
IL1B,CXCL8,Level_01
IL1B,IL10,Level_01
IL1B,PYCARD,Level_01
IL1B,TLR9,Level_01
IL1B,TNFRSF1A,Level_01
IL1B,CCL11,Level_01
IL1B,MMP9,Level_01
IL1B,IL5,Level_01
IL1B,CD8A,Level_01
IL1B,MEFV,Level_01
IL1B,CSF3,Level_01
IL1B,CXCL1,Level_01
IL1B,CCL5,Level_01
IL1B,CSF2,Level_01
IL1B,IFNG,Level_01
BCHE,COLQ,Level_01
PPARGC1A,OGT,Level_01
PPARGC1A,CRTC2,Level_01
PPARGC1A,NRIP1,Level_01
PPARGC1A,MAPK11,Level_01
PPARGC1A,PRKAG3,Level_01
PPARGC1A,UCP1,Level_01
PPARGC1A,TAF4,Level_01
PPARGC1A,PPARD,Level_01
PPARGC1A,PRKAB2,Level_01
PPARGC1A,SOD2,Level_01
PPARGC1A,FOXO3,Level_01
PPARGC1A,LPIN1,Level_01
PPARGC1A,YY1,Level_01
PPARGC1A,TFAM,Level_01
PPARGC1A,GPX7,Level_01
PPARGC1A,GPX3,Level_01
PPARGC1A,PRKAG1,Level_01
PPARGC1A,UCP2,Level_01
PPARGC1A,MAPK13,Level_01
PPARGC1A,UCP3,Level_01
PPARGC1A,ADIPOQ,Level_01
PPARGC1A,CREB3L3,Level_01
PPARGC1A,NR3C1,Level_01
PPARGC1A,MEF2C,Level_01
PPARGC1A,EP300,Level_01
PPARGC1A,NFE2L2,Level_01
PPARGC1A,PRKAA1,Level_01
PPARGC1A,NR5A1,Level_01
PPARGC1A,PRKAB1,Level_01
PPARGC1A,PRDM16,Level_01
PPARGC1A,CEBPB,Level_01
PPARGC1A,ESRRG,Level_01
PPARGC1A,PRKAG2,Level_01
PPARGC1A,CREB1,Level_01
PPARGC1A,HTT,Level_01
PPARGC1A,MAPK14,Level_01
PPARGC1A,GABPB1,Level_01
PPARGC1A,NCOA1,Level_01
PPARGC1A,SIRT3,Level_01
PPARGC1A,HNF4A,Level_01
PPARGC1A,GPX2,Level_01
PPARGC1A,SOD1,Level_01
PPARGC1A,MAPK12,Level_01
PPARGC1A,CREB3,Level_01
PPARGC1A,GPX6,Level_01
PPARGC1A,INS,Level_01
PPARGC1A,NR1H4,Level_01
PPARGC1A,NR5A2,Level_01
PPARGC1A,GPX8,Level_01
PPARGC1A,PRKAA2,Level_01
PPARGC1A,GPX5,Level_01
PPARGC1A,ESR1,Level_01
IDE,CCL4,Level_01
IDE,CCL3,Level_01
IDE,MME,Level_01
IDE,IGF2,Level_01
IDE,UBA52,Level_01
IDE,GCG,Level_01
IDE,UBB,Level_01
IDE,TGFA,Level_01
IDE,MMEL1,Level_01
IDE,UBC,Level_01
IDE,RPS27A,Level_01
IDE,APP,Level_01
IDE,IAPP,Level_01
IDE,NPPA,Level_01
SOD1,PPP3R1,Level_01
SOD1,PARK7,Level_01
SOD1,PPARGC1A,Level_01
SOD1,HSPA5,Level_01
SOD1,DERL1,Level_01
SOD1,ENSP00000478249,Level_01
SOD1,TOMM40,Level_01
SOD1,FUS,Level_01
SOD1,VDAC1,Level_01
SOD1,SOD2,Level_01
SOD1,OPTN,Level_01
SOD1,TARDBP,Level_01
SOD1,HSPA4,Level_01
SOD1,CAT,Level_01
SOD1,PPP3CA,Level_01
SOD1,NEFL,Level_01
SOD1,BCL2,Level_01
SOD1,ATOX1,Level_01
EPHA1,EPHA2,Level_01
EPHA1,EFNB1,Level_01
EPHA1,ABL1,Level_01
EPHA1,NGEF,Level_01
EPHA1,EFNA5,Level_01
EPHA1,EFNA4,Level_01
EPHA1,RASA1,Level_01
EPHA1,EFNB3,Level_01
CRH,VIP,Level_01
CRH,NPY,Level_01
CRH,GNAS,Level_01
CRH,POMC,Level_01
CRH,UCN3,Level_01
CRH,GHRH,Level_01
CRH,UCN2,Level_01
CRH,GNG2,Level_01
CRH,GNB1,Level_01
CRH,OXT,Level_01
APP,TNFRSF21,Level_01
APP,ADAM10,Level_01
APP,PSEN2,Level_01
APP,KLC1,Level_01
APP,CLU,Level_01
APP,GNB1,Level_01
APP,CNTN4,Level_01
APP,LRP1,Level_01
APP,PRNP,Level_01
APP,PSENEN,Level_01
APP,ITM2B,Level_01
APP,CNTN2,Level_01
APP,GSK3A,Level_01
APP,GULP1,Level_01
APP,SYP,Level_01
APP,CST3,Level_01
APP,NGFR,Level_01
APP,NAE1,Level_01
APP,IAPP,Level_01
APP,APBA2,Level_01
APP,NCSTN,Level_01
APP,PITRM1,Level_01
APP,APOA1,Level_01
APP,APBA3,Level_01
APP,IDE,Level_01
APP,KLK6,Level_01
APP,TTR,Level_01
APP,ACHE,Level_01
APP,EP300,Level_01
APP,LCN2,Level_01
APP,MAPK8IP1,Level_01
APP,APPBP2,Level_01
APP,KAT5,Level_01
APP,SPON1,Level_01
APP,SHC1,Level_01
APP,APBB3,Level_01
APP,F11,Level_01
APP,APBA1,Level_01
APP,MAPT,Level_01
APP,SNCA,Level_01
APP,APH1A,Level_01
APP,HSPD1,Level_01
APP,GRB2,Level_01
APP,GAPDH,Level_01
APP,APBB2,Level_01
APP,FPR2,Level_01
APP,CD74,Level_01
PPARG,LEP,Level_01
PPARG,CTNNB1,Level_01
PPARG,UCP1,Level_01
PPARG,CREBBP,Level_01
PPARG,CEBPD,Level_01
PPARG,RPTOR,Level_01
PPARG,SP1,Level_01
PPARG,LPL,Level_01
PPARG,AKT1S1,Level_01
PPARG,CD36,Level_01
PPARG,FABP4,Level_01
PPARG,KDM3A,Level_01
PPARG,XPR1,Level_01
PPARG,RXRG,Level_01
PPARG,PAX8,Level_01
PPARG,PPARGC1B,Level_01
PPARG,MTOR,Level_01
PPARG,RXRB,Level_01
PPARG,NCOA6,Level_01
PPARG,EGR1,Level_01
PPARG,NCOA2,Level_01
PPARG,PRDM16,Level_01
PPARG,CEBPB,Level_01
PPARG,NR0B2,Level_01
PPARG,SREBF1,Level_01
PPARG,CEBPA,Level_01
PPARG,SMAD3,Level_01
PPARG,TGFB1,Level_01
PPARG,ADIPOQ,Level_01
PPARG,SREBF2,Level_01
PPARG,RELA,Level_01
PPARG,EP300,Level_01
PPARG,TP53,Level_01
PPARG,SMARCD3,Level_01
PPARG,HDAC3,Level_01
PPARG,SMARCA4,Level_01
PPARG,SLC2A4,Level_01
PPARG,SIRT1,Level_01
PPARG,ACTB,Level_01
PPARG,NFKB1,Level_01
PPARG,INS,Level_01
PPARG,PER2,Level_01
PPARG,PLIN1,Level_01
AMFR,HMGCR,Level_01
AMFR,UBB,Level_01
AMFR,UBA52,Level_01
AMFR,UBAC2,Level_01
AMFR,SEL1L,Level_01
AMFR,UBXN1,Level_01
AMFR,SYVN1,Level_01
AMFR,DERL2,Level_01
AMFR,ERLEC1,Level_01
AMFR,UBE2G1,Level_01
AMFR,UFD1,Level_01
AMFR,GPI,Level_01
AMFR,RPS27A,Level_01
AMFR,NGLY1,Level_01
AMFR,INSIG2,Level_01
AMFR,ERLIN2,Level_01
AMFR,MARCHF6,Level_01
AMFR,FAF2,Level_01
AMFR,UBC,Level_01
AMFR,OS9,Level_01
AMFR,SELENOS,Level_01
AMFR,RNF5,Level_01
ACE,AGTR1,Level_01
ACE,ACE2,Level_01
ACE,BDKRB2,Level_01
ACE,AGTR2,Level_01
ACE,REN,Level_01
ACE,KNG1,Level_01
S100B,CAPZA2,Level_01
S100B,CAPZA1,Level_01
S100B,TP53,Level_01
S100B,S100A1,Level_01
S100B,RPS6KA1,Level_01
S100B,SDF4,Level_01
S100B,GFAP,Level_01
S100B,FGF2,Level_01
BAX,PRKACA,Level_01
BAX,AIFM1,Level_01
BAX,PRKACG,Level_01
BAX,BCL2L2,Level_01
BAX,APAF1,Level_01
BAX,BAK1,Level_01
BAX,VDAC1,Level_01
BAX,BCL2L11,Level_01
BAX,BBC3,Level_01
BAX,PRKN,Level_01
BAX,TP53,Level_01
BAX,HK2,Level_01
BAX,XRCC6,Level_01
BAX,CYCS,Level_01
BAX,PRKACB,Level_01
BAX,PPIF,Level_01
BAX,BID,Level_01
BAX,TMBIM6,Level_01
BAX,CAPN1,Level_01
BAX,SIRT1,Level_01
NCSTN,APP,Level_01
NCSTN,NOTCH1,Level_01
NCSTN,TMED10,Level_01
NOS3,CAV3,Level_01
NOS3,ASL,Level_01
NOS3,AKT1,Level_01
NOS3,AKT2,Level_01
NOS3,OTC,Level_01
NOS3,PLCG1,Level_01
NOS3,ARG2,Level_01
NOS3,ASS1,Level_01
NOS3,CAMK2A,Level_01
NOS3,CALM1,Level_01
NOS3,GATM,Level_01
NOS3,AZIN2,Level_01
NOS3,NOSIP,Level_01
NOS3,CAMK1,Level_01
NOS3,ARG1,Level_01
NOS3,CAMK4,Level_01
NOS3,HSP90AB1,Level_01
NOS3,AKT3,Level_01
NGB,CYGB,Level_01
NGB,MB,Level_01
NGB,CYCS,Level_01
TPP1,POT1,Level_01
TPP1,PPT1,Level_01
TPP1,TERF1,Level_01
TPP1,FLI1,Level_01
TPP1,TINF2,Level_01
ACHE,GPCPD1,Level_01
ACHE,COLQ,Level_01
ACHE,APP,Level_01
ACHE,CHAT,Level_01
INSR,PTPN11,Level_01
INSR,GRB10,Level_01
INSR,GRB14,Level_01
INSR,PIK3R1,Level_01
INSR,TXNDC9,Level_01
INSR,SOCS4,Level_01
INSR,SOCS2,Level_01
INSR,SOCS1,Level_01
INSR,SHC1,Level_01
INSR,SH2B2,Level_01
INSR,PIK3CA,Level_01
INSR,PIK3CD,Level_01
INSR,INSRR,Level_01
INSR,GRB2,Level_01
INSR,IGF1R,Level_01
INSR,PRKCE,Level_01
INSR,KITLG,Level_01
INSR,CBLB,Level_01
INSR,GAB1,Level_01
INSR,SOCS3,Level_01
INSR,PTPRF,Level_01
INSR,IRS4,Level_01
INSR,PIK3CB,Level_01
INSR,INS-IGF2,Level_01
INSR,CBL,Level_01
INSR,EGF,Level_01
INSR,IGF2,Level_01
IRS1,AP2M1,Level_01
IRS1,SOCS4,Level_01
IRS1,SOCS2,Level_01
IRS1,JAK1,Level_01
IRS1,MAPK8,Level_01
IRS1,EIF2AK2,Level_01
IRS1,OGT,Level_01
IRS1,SOCS1,Level_01
IRS1,NTRK3,Level_01
IRS1,PIK3R3,Level_01
IRS1,NTRK1,Level_01
IRS1,IRS2,Level_01
IRS1,LEP,Level_01
IRS1,PIK3R2,Level_01
IRS1,PRKCZ,Level_01
IRS1,FYN,Level_01
IRS1,PIK3R5,Level_01
IRS1,MAPK9,Level_01
IRS1,MTOR,Level_01
IRS1,EGFR,Level_01
IRS1,RPS6KB1,Level_01
IRS1,AKT1,Level_01
IRS1,GRB10,Level_01
IRS1,SRC,Level_01
IRS1,PIK3CB,Level_01
IRS1,IRS4-2,Level_01
IRS1,IGF2,Level_01
IRS1,SOCS3,Level_01
IRS1,PTPRF,Level_01
IRS1,RPS6KB2,Level_01
IRS1,IRS4,Level_01
IRS1,NTRK2,Level_01
IRS1,PRKCB,Level_01
IRS1,BECN1,Level_01
IRS1,PRKCD,Level_01
IRS1,PRKCE,Level_01
IRS1,IGF1,Level_01
IRS1,YWHAZ,Level_01
IRS1,PRKCQ,Level_01
IRS1,IKBKB,Level_01
IRS1,SHC1,Level_01
IRS1,SLC2A4,Level_01
IRS1,JAK2,Level_01
IRS1,PTPN1,Level_01
IRS1,KL,Level_01
IRS1,CHUK,Level_01
IRS1,PIK3CD,Level_01
IRS1,PIK3CG,Level_01
IRS1,SOS1,Level_01
F2,SERPINE2,Level_01
F2,GGCX,Level_01
F2,CXCR4,Level_01
F2,SERPINF2,Level_01
F2,F7,Level_01
F2,AHSG,Level_01
F2,TFPI,Level_01
F2,F13A1,Level_01
F2,APOH,Level_01
F2,C5,Level_01
F2,F13B,Level_01
F2,AMBP,Level_01
F2,F3,Level_01
F2,F2RL2,Level_01
F2,MTHFR,Level_01
F2,SERPINA5,Level_01
F2,F9,Level_01
F2,PROC,Level_01
F2,F8,Level_01
F2,VWF,Level_01
F2,ALB,Level_01
F2,AFP,Level_01
F2,APOA1,Level_01
F2,GPT,Level_01
F2,CPB2,Level_01
F2,GP1BA,Level_01
F2,AGTR1,Level_01
F2,F2R,Level_01
F2,F2RL3,Level_01
CASP3,CASP10,Level_01
CASP3,MAP3K1,Level_01
CASP3,CDH1,Level_01
CASP3,PXDNL,Level_01
CASP3,GSDMD,Level_01
CASP3,BIRC2,Level_01
CASP3,TP53,Level_01
CASP3,CYCS,Level_01
CASP3,PAK2,Level_01
CASP3,PARP3,Level_01
CASP3,TNF,Level_01
CASP3,PXDN,Level_01
CASP3,BCL2L1,Level_01
CASP3,MAPT,Level_01
CASP3,CDKN1A,Level_01
CASP3,PRKCD,Level_01
CASP3,PRKCB,Level_01
CASP3,ACTB,Level_01
CASP3,BECN1,Level_01
CASP3,BIRC5,Level_01
CASP3,BCL2,Level_01
CASP3,CASP7,Level_01
CASP3,STK4,Level_01
CASP3,ROCK1,Level_01
CASP3,DCC,Level_01
CASP3,MDM2,Level_01
CASP3,PRKCG,Level_01
CASP3,PARP2,Level_01
CASP3,APPL1,Level_01
CASP3,GZMB,Level_01
CASP3,CTNNB1,Level_01
CASP3,DFFB,Level_01
CASP3,ANXA5,Level_01
CASP3,PRKCA,Level_01
CASP3,BIRC3,Level_01
CASP3,DFFA,Level_01
CASP3,CASP6,Level_01
CASP3,MAPK1,Level_01
CASP3,STK3,Level_01
CASP3,MAPK8,Level_01
CASP3,BIRC7,Level_01
CASP3,AKT1,Level_01
CASP3,PAK1,Level_01
CASP3,PARP4,Level_01
CASP3,MAPK3,Level_01
CASP3,ACTG1,Level_01
CASP3,SPTAN1,Level_01
CASP3,FADD,Level_01
CASP3,DIABLO-2,Level_01
LEP,GCG,Level_01
LEP,NPY,Level_01
LEP,CSH2,Level_01
LEP,JAK2,Level_01
LEP,AGRP,Level_01
LEP,THPO,Level_01
LEP,GH1,Level_01
LEP,INS,Level_01
LEP,GH2,Level_01
LEP,CSH1,Level_01
LEP,CEBPA,Level_01
LEP,CNTF,Level_01
LEP,IL6,Level_01
LEP,HCRT,Level_01
LEP,ADIPOQ,Level_01
LEP,STAT3,Level_01
LEP,EPO,Level_01
LEP,GHRL,Level_01
LEP,RETNLB,Level_01
LEP,MC4R,Level_01
LEP,IRS1,Level_01
LEP,SIGLEC6,Level_01
LEP,POMC,Level_01
LEP,CSF3,Level_01
LEP,SH2B1,Level_01
LEP,PPARG,Level_01
LEP,ADIPOR1,Level_01
LEP,KISS1,Level_01
LEP,PRL,Level_01
LEP,RETN,Level_01
CLU,PICALM,Level_01
CLU,LRP2,Level_01
CLU,APOD,Level_01
CLU,VLDLR,Level_01
CLU,APOA2,Level_01
CLU,APOA4,Level_01
CLU,APOL1,Level_01
CLU,APOM,Level_01
CLU,APOC2,Level_01
CLU,APOC3,Level_01
CLU,TREM2,Level_01
CLU,XRCC6,Level_01
CLU,VTN,Level_01
CLU,APOA1,Level_01
CLU,APP,Level_01
CLU,PON1,Level_01
CLU,APOC1,Level_01
CLU,LTF,Level_01
CLU,BIN1,Level_01
BIN1,CLTC,Level_01
BIN1,MAPT,Level_01
BIN1,SYNJ1,Level_01
BIN1,BIN3,Level_01
BIN1,AMPH,Level_01
BIN1,DNM2,Level_01
BIN1,DNM1,Level_01
BIN1,DNMBP,Level_01
BIN1,CLU,Level_01
BIN1,SYNJ2,Level_01
BIN1,BIN2,Level_01
BACE1,RTN4,Level_01
BACE1,GGA3,Level_01
BACE1,ADAM10,Level_01
BACE1,GGA1,Level_01
BACE1,RTN3,Level_01
BACE1,PSEN1,Level_01
SLC2A4,VAMP2,Level_01
SLC2A4,ASPSCR1,Level_01
SLC2A4,PPARG,Level_01
SLC2A4,IRS1,Level_01
SLC2A4,RAB14,Level_01
SLC2A4,RAB10,Level_01
SLC2A4,RAB2A,Level_01
SLC2A4,CEBPA,Level_01
SLC2A4,RAB8A,Level_01
SLC2A4,INS,Level_01
SLC2A4,TBC1D4,Level_01
A2M,ALB,Level_01
A2M,SERPINA1,Level_01
A2M,KLK4,Level_01
A2M,APOA1,Level_01
A2M,PROC,Level_01
A2M,MMP2,Level_01
A2M,HP,Level_01
A2M,SERPINA3,Level_01
A2M,LRP1,Level_01
A2M,KLKB1,Level_01
A2M,HSPA5,Level_01
A2M,SERPINF2,Level_01
A2M,IL1B,Level_01
A2M,KNG1,Level_01
A2M,APOE,Level_01
A2M,IL6,Level_01
A2M,RAB3IL1,Level_01
A2M,SERPINC1,Level_01
A2M,KLK3,Level_01
GSK3B,AKT3,Level_01
GSK3B,PRKACB,Level_01
GSK3B,PPP3CB,Level_01
GSK3B,HSP90AB1,Level_01
GSK3B,TP53,Level_01
GSK3B,NFE2L2,Level_01
GSK3B,DPYSL2,Level_01
GSK3B,PSEN1,Level_01
GSK3B,DISC1,Level_01
GSK3B,CREB3L3,Level_01
GSK3B,KIF5B,Level_01
GSK3B,CSNK1E,Level_01
GSK3B,HSP90AA1,Level_01
GSK3B,DVL2,Level_01
GSK3B,SMAD3,Level_01
GSK3B,CREB1,Level_01
GSK3B,TCHP,Level_01
GSK3B,PARD6B,Level_01
GSK3B,PARD6A,Level_01
GSK3B,GYS1,Level_01
GSK3B,MAP2K2,Level_01
GSK3B,TAB1,Level_01
GSK3B,PPP3CA,Level_01
GSK3B,MYC,Level_01
GSK3B,MUC1,Level_01
GSK3B,CHKA,Level_01
GSK3B,GYS2,Level_01
GSK3B,TSC2,Level_01
GSK3B,TAB2,Level_01
GSK3B,HNF4A,Level_01
GSK3B,AMER1,Level_01
GSK3B,CCND3,Level_01
GSK3B,LRP5,Level_01
GSK3B,TRAF6,Level_01
GSK3B,TSC1,Level_01
GSK3B,APC2,Level_01
GSK3B,NFATC1,Level_01
GSK3B,RAF1,Level_01
GSK3B,GLI3,Level_01
GSK3B,KIF5A,Level_01
GSK3B,DVL3,Level_01
GSK3B,SNAI1,Level_01
GSK3B,CCND2,Level_01
GSK3B,PRKACA,Level_01
GSK3B,PRNP,Level_01
GSK3B,TBK1,Level_01
GSK3B,GSK3A,Level_01
GSK3B,OGT,Level_01
GSK3B,ATF4,Level_01
GSK3B,SIAH1,Level_01
GSK3B,CSNK1A1L,Level_01
GSK3B,TLR3,Level_01
GSK3B,WNT3A,Level_01
GSK3B,KIF5C,Level_01
GSK3B,PPP3CC,Level_01
GSK3B,PPP3R1,Level_01
GSK3B,NFATC2,Level_01
GSK3B,KLC1,Level_01
GSK3B,FBXW11,Level_01
GSK3B,PRKACG,Level_01
GSK3B,FRAT2,Level_01
GSK3B,KLC4,Level_01
GSK3B,MAP3K7,Level_01
GSK3B,PRKCZ,Level_01
GSK3B,CCND1,Level_01
GSK3B,NFATC3,Level_01
GSK3B,AKT2,Level_01
GSK3B,AKT1,Level_01
GSK3B,KLC3,Level_01
GSK3B,GSKIP,Level_01
GSK3B,LRP6,Level_01
GSK3B,BRAF,Level_01
GSK3B,CSNK1D,Level_01
GSK3B,PARD3,Level_01
GSK3B,MAP2K1,Level_01
GSK3B,SUFU,Level_01
GSK3B,KLC2,Level_01
PSEN1,PRKACA,Level_01
PSEN1,PRKACG,Level_01
PSEN1,TMED10,Level_01
PSEN1,NOTCH1,Level_01
PSEN1,UBQLN1,Level_01
PSEN1,RYR3,Level_01
PSEN1,ITPR1,Level_01
PSEN1,CDH17,Level_01
PSEN1,CDH1,Level_01
PSEN1,BACE1,Level_01
PSEN1,APOE,Level_01
PSEN1,PRKACB,Level_01
PSEN1,GSK3B,Level_01
PSEN1,ERN1,Level_01
PSEN1,CDH2,Level_01
PSEN1,ITPR2,Level_01
PSEN1,EIF2AK3,Level_01
PSEN1,KCNIP3,Level_01
PSEN1,GRB2,Level_01
PSEN1,MAPT,Level_01
PSEN1,ITPR3,Level_01
PSEN1,CTNND2,Level_01
NOS2,AKT1,Level_01
NOS2,ASL,Level_01
NOS2,OTC,Level_01
NOS2,AKT2,Level_01
NOS2,CALML6,Level_01
NOS2,NOS1,Level_01
NOS2,CALML3,Level_01
NOS2,CALML5,Level_01
NOS2,ARG2,Level_01
NOS2,ASS1,Level_01
NOS2,CALM1,Level_01
NOS2,CALML4,Level_01
NOS2,GATM,Level_01
NOS2,AZIN2,Level_01
NOS2,ARG1,Level_01
CHAT,SLC18A3,Level_01
CHAT,CHKA,Level_01
CHAT,GPCPD1,Level_01
CHAT,ACHE,Level_01
MS4A4A,VSIG4,Level_01
MS4A4A,MS4A6E,Level_01
MAPT,TUBB1,Level_01
MAPT,FUS,Level_01
MAPT,TUBB4B,Level_01
MAPT,TUBA1B,Level_01
MAPT,TUBB4A,Level_01
MAPT,TUBA3E,Level_01
MAPT,TUBB2B,Level_01
MAPT,CAMK2B,Level_01
MAPT,MAPK3,Level_01
MAPT,IGLL5,Level_01
MAPT,FYN,Level_01
MAPT,HSPA8,Level_01
MAPT,APP,Level_01
MAPT,VDAC1,Level_01
MAPT,TUBB6,Level_01
MAPT,BIN1,Level_01
MAPT,TUBA3D,Level_01
MAPT,TUBA1C,Level_01
MAPT,MAPK1,Level_01
MAPT,PRKACA,Level_01
MAPT,CAMK2A,Level_01
MAPT,TUBAL3,Level_01
MAPT,TUBA1A,Level_01
MAPT,SNCA,Level_01
MAPT,CDK5R1,Level_01
MAPT,YWHAZ,Level_01
MAPT,YWHAQ,Level_01
MAPT,CASP3,Level_01
MAPT,CASP7,Level_01
MAPT,STUB1,Level_01
MAPT,TARDBP,Level_01
MAPT,TUBB3,Level_01
MAPT,HSP90AA1,Level_01
MAPT,PSEN1,Level_01
MAPT,TUBB,Level_01
MAPT,PRKN,Level_01
MAPT,LRRK2,Level_01
MAPT,HSPA4,Level_01
MAPT,TUBB2A,Level_01
MAPT,TUBA4A,Level_01
MAPT,APOE,Level_01
MAPT,HSP90AB1,Level_01
MAPT,TUBA8,Level_01
ARC,SH3GL3,Level_01
ARC,DNM2,Level_01
IGF2R,INS,Level_01
IGF2R,PLIN3,Level_01
IGF2R,IGF1,Level_01
IGF2R,GGA1,Level_01
IGF2R,GGA2,Level_01
IGF2R,M6PR,Level_01
IGF2R,GGA3,Level_01
IGF2R,DPP4,Level_01
CD2AP,CBL,Level_01
CD2AP,SYNPO,Level_01
CD2AP,INF2,Level_01
CD2AP,CAPZA1,Level_01
CD2AP,RIN3,Level_01
CD2AP,KIRREL1,Level_01
CD2AP,ACTN4,Level_01
CD2AP,TJP1,Level_01
CD2AP,UBC,Level_01
CD2AP,CD2,Level_01
CD2AP,MYO6,Level_01
CD2AP,CTTN,Level_01
PYY,NPY5R,Level_01
PYY,NPY4R,Level_01
PYY,GCG,Level_01
PYY,GHRL,Level_01
PYY,NPY,Level_01
PYY,PPY,Level_01
PYY,POMC,Level_01
PYY,NPY4R2,Level_01
PSEN2,KCNIP3,Level_01
PSEN2,ITPR3,Level_01
PSEN2,APOE,Level_01
PSEN2,ITPR2,Level_01
PSEN2,SRI,Level_01
PSEN2,APP,Level_01
PSEN2,RYR3,Level_01
PSEN2,ITPR1,Level_01
PSEN2,CIB1,Level_01
CR1,MBL2,Level_01
PTGS2,PTGES2,Level_01
PTGS2,PLA2G10,Level_01
PTGS2,TNF,Level_01
PTGS2,IL1B,Level_01
PTGS2,PTGDS,Level_01
PTGS2,CYP4F3,Level_01
PTGS2,PTGIS,Level_01
PTGS2,STAT3,Level_01
PTGS2,TP53,Level_01
PTGS2,CYP2J2,Level_01
PTGS2,ALOX12B,Level_01
PTGS2,IL6,Level_01
PTGS2,HPGDS,Level_01
PTGS2,CYP4A11,Level_01
PTGS2,CYP2B6,Level_01
PTGS2,CYP2E1,Level_01
PTGS2,CXCL8,Level_01
PTGS2,ALOX5,Level_01
PTGS2,PTGES3,Level_01
PTGS2,ALOX15B,Level_01
PTGS2,CYP2C9,Level_01
PTGS2,CYP4F8,Level_01
PTGS2,PLA2G2A,Level_01
PTGS2,PLA2G4A,Level_01
PTGS2,PTGES,Level_01
PTGS2,ALOX15,Level_01
PTGS2,ALOX12,Level_01
PTGS2,CYP2C19,Level_01
PTGS2,CYP4F2,Level_01
PTGS2,CYP2C8,Level_01
PTGS2,PTGS1,Level_01
CHRNB2,CHRNA2,Level_01
CHRNB2,CHRNA3,Level_01
CHRNB2,CHRNA7,Level_01
CHRNB2,CHRNA9,Level_01
CHRNB2,CHRNA4,Level_01
NGF,GFRA1,Level_01
NGF,NTF4,Level_01
NGF,SORT1,Level_01
NGF,TRPA1,Level_01
NGF,GDNF,Level_01
NGF,NTRK3,Level_01
NGF,SORCS2,Level_01
DHCR24,LSS,Level_01
DHCR24,LBR,Level_01
DHCR24,DHCR7,Level_01
DHCR24,HSD17B7,Level_01
DHCR24,SOAT1,Level_01
DHCR24,CYP51A1,Level_01
DHCR24,MSMO1,Level_01
DHCR24,SOAT2,Level_01
DHCR24,TM7SF2,Level_01
DHCR24,CH25H,Level_01
DHCR24,LIPA,Level_01
DHCR24,EBP,Level_01
DHCR24,SC5D,Level_01
PLAU,SERPINB2,Level_01
PLAU,PLG,Level_01
PLAU,VTN,Level_01
PLAU,SERPINE2,Level_01
TREM2,TREML2,Level_01
TREM2,APOE,Level_01
TREM2,FCER1G,Level_01
TREM2,SYK,Level_01
TREM2,TREM1,Level_01
TREM2,TREML1,Level_01
TREM2,CLU,Level_01
TREM2,SIRPA,Level_01
TREM2,CD33,Level_01
HLA-DRB5,CD74,Level_01
HLA-DRB5,HLA-DQA2,Level_01
HLA-DRB5,CD4,Level_01
HLA-DRB5,HLA-DMA,Level_01
HLA-DRB5,LOC102723407,Level_01
HLA-DRB5,HLA-DRB1,Level_01
HLA-DRB5,CD247,Level_01
AGER,S100A4,Level_01
AGER,S100A13,Level_01
AGER,S100A6,Level_01
AGER,S100A11,Level_01
AGER,JAK2,Level_01
AGER,HRAS,Level_01
AGER,CYBB,Level_01
AGER,KRAS,Level_01
AGER,DIAPH1,Level_01
AGER,TLR4,Level_01
AGER,NOX4,Level_01
AGER,NOX1,Level_01
AGER,S100P,Level_01
MTHFR,AMT,Level_01
MTHFR,MAT2A,Level_01
MTHFR,BHMT,Level_01
MTHFR,MTHFD2,Level_01
MTHFR,CTH,Level_01
MTHFR,GLDC,Level_01
MTHFR,SHMT2,Level_01
MTHFR,MTRR,Level_01
MTHFR,SHMT1,Level_01
MTHFR,TYMS,Level_01
MTHFR,CBS,Level_01
MTHFR,BHMT2,Level_01
MTHFR,F2,Level_01
MTHFR,MTHFD1,Level_01
MTHFR,MAT1A,Level_01
MTHFR,CBSL,Level_01
MTHFR,MTHFD2L,Level_01
MAOB,IDO2,Level_01
MAOB,INMT,Level_01
MAOB,PNMT,Level_01
MAOB,ADH4,Level_01
MAOB,ADH5,Level_01
MAOB,ADH6,Level_01
MAOB,ALDH1B1,Level_01
MAOB,CYP2C19,Level_01
MAOB,ALDH3A1,Level_01
MAOB,ALDH7A1,Level_01
MAOB,AOC1,Level_01
MAOB,ALDH2,Level_01
MAOB,ADH1A,Level_01
MAOB,MAOA,Level_01
MAOB,AOC3,Level_01
MAOB,ADH7,Level_01
MAOB,ALDH3B1,Level_01
MAOB,DBH,Level_01
MAOB,IL4I1,Level_01
MAOB,ALDH3A2,Level_01
MAOB,CYP3A4,Level_01
MAOB,CYP2D6,Level_01
MAOB,AOX1,Level_01
MAOB,HNMT,Level_01
MAOB,DDC,Level_01
MAOB,IDO1,Level_01
MAOB,SAT1,Level_01
MAOB,AOC2,Level_01
MAOB,ALDH3B2,Level_01
MAOB,AANAT,Level_01
MAOB,ADH1C,Level_01
MAOB,LRTOMT,Level_01
MAOB,ADH1B,Level_01
MAOB,PRKN,Level_01
MAOB,COMT,Level_01
MAOB,ALDH9A1,Level_01
SLC30A6,SLC30A5,Level_01
SLC30A6,SLC30A1,Level_01
IGF1,GHRH,Level_01
IGF1,PDGFA,Level_01
IGF1,GRB10,Level_01
IGF1,GHRL,Level_01
IGF1,VTN,Level_01
IGF1,PDGFB,Level_01
IGF1,IRS1,Level_01
IGF1,EGFR,Level_01
IGF1,TRPV2,Level_01
IGF1,AKT1,Level_01
IGF1,ITGB3,Level_01
IGF1,DCN,Level_01
IGF1,FCGR1A,Level_01
IGF1,ERBB2,Level_01
IGF1,GHR,Level_01
IGF1,PDGFD,Level_01
IGF1,IRS2,Level_01
IGF1,TGFA,Level_01
IGF1,NTRK1,Level_01
IGF1,HSPB3,Level_01
IGF1,IGF2R,Level_01
IGF1,ESR1,Level_01
IGF1,IGF2,Level_01
IGF1,EGF,Level_01
IGF1,PDGFC,Level_01
IGF1,IGFBP7,Level_01
IGF1,PDGFRB,Level_01
IGF1,TGFB1,Level_01
PICALM,EPN2,Level_01
PICALM,CLINT1,Level_01
PICALM,UBB,Level_01
PICALM,CLTB,Level_01
PICALM,AP2A1,Level_01
PICALM,UBA52,Level_01
PICALM,CLTC,Level_01
PICALM,CLTA,Level_01
PICALM,UBC,Level_01
PICALM,AP2M1,Level_01
PICALM,CLTCL1,Level_01
PICALM,EPN3,Level_01
PICALM,CLU,Level_01
PICALM,HIP1R,Level_01
PICALM,MLLT10,Level_01
PICALM,EPS15,Level_01
PICALM,RPS27A,Level_01
GAPDH,TALDO1,Level_01
GAPDH,CAMP,Level_01
GAPDH,H6PD,Level_01
GAPDH,VDAC1,Level_01
GAPDH,GPI,Level_01
GAPDH,LDHA,Level_01
GAPDH,APP,Level_01
GAPDH,HSPA8,Level_01
GAPDH,ALDOC,Level_01
GAPDH,ENO1,Level_01
GAPDH,BIRC3,Level_01
GAPDH,PLG,Level_01
GAPDH,PXDN,Level_01
GAPDH,CYP1A2,Level_01
GAPDH,ALDOB,Level_01
GAPDH,FN1,Level_01
GAPDH,SHMT2,Level_01
GAPDH,HTT,Level_01
GAPDH,PXDNL,Level_01
GAPDH,BIRC2,Level_01
GAPDH,TKT,Level_01
GAPDH,EGFR,Level_01
GAPDH,PGAM1,Level_01
GAPDH,RHEB,Level_01
GAPDH,BPGM,Level_01
GAPDH,PKM,Level_01
GAPDH,ANXA5,Level_01
GAPDH,SIAH1,Level_01
GAPDH,EEF1A1,Level_01
GAPDH,TKTL2,Level_01
GAPDH,TRADD,Level_01
GAPDH,ACTB,Level_01
GAPDH,TRAF2,Level_01
GAPDH,RIPK1,Level_01
GAPDH,TKTL1,Level_01
GAPDH,GAPDHS,Level_01
GAPDH,HSP90AA1,Level_01
GAPDH,G6PD,Level_01
GAPDH,MRPL13,Level_01
NFE2L2,ATF4,Level_01
NFE2L2,BTRC,Level_01
NFE2L2,EIF2AK2,Level_01
NFE2L2,MAF,Level_01
NFE2L2,HMOX1,Level_01
NFE2L2,PPARGC1A,Level_01
NFE2L2,CREBBP,Level_01
NFE2L2,MAFF,Level_01
NFE2L2,PARK7,Level_01
NFE2L2,GSR,Level_01
NFE2L2,MAPK7,Level_01
NFE2L2,EIF2AK4,Level_01
NFE2L2,AKT1,Level_01
NFE2L2,DDIT3,Level_01
NFE2L2,SQSTM1,Level_01
NFE2L2,GSK3B,Level_01
NFE2L2,EP300,Level_01
NFE2L2,JUN,Level_01
NFE2L2,GCLM,Level_01
NFE2L2,CUL3,Level_01
NFE2L2,MAFK,Level_01
NFE2L2,EIF2AK3,Level_01
NFE2L2,NQO1,Level_01
NFE2L2,MYC,Level_01
NFE2L2,GCLC,Level_01
NFE2L2,PMF1,Level_01
INS,CACNA1E,Level_01
INS,GCG,Level_01
INS,FGFR1,Level_01
INS,CACNA1A,Level_01
INS,INSRR,Level_01
INS,TNF,Level_01
INS,FGFR4,Level_01
INS,SLC2A4,Level_01
INS,NPY,Level_01
INS,IGF2R,Level_01
INS,AGRP,Level_01
INS,MAFA,Level_01
INS,HSPB3,Level_01
INS,GCK,Level_01
INS,HLA-DQB1,Level_01
INS,MB,Level_01
INS,IGFBP7,Level_01
INS,IGFBP1,Level_01
INS,CACNA1D,Level_01
INS,IRS4,Level_01
INS,FOXO1,Level_01
INS,PDGFRB,Level_01
INS,PDGFC,Level_01
INS,IL6,Level_01
INS,FGFR3,Level_01
INS,ADIPOQ,Level_01
INS,EGF,Level_01
INS,IGFBP2,Level_01
INS,IGF2,Level_01
INS,APOE,Level_01
INS,CYCS,Level_01
INS,CACNA1C,Level_01
INS,INS-IGF2,Level_01
INS,PDGFB,Level_01
INS,GHRL,Level_01
INS,GRB10,Level_01
INS,POMC,Level_01
INS,AKT1,Level_01
INS,EGFR,Level_01
INS,PPY,Level_01
INS,CACNA1G,Level_01
INS,PDGFA,Level_01
INS,SST,Level_01
INS,SLC2A2,Level_01
INS,IAPP,Level_01
INS,CACNA1B,Level_01
INS,IRS2,Level_01
INS,PPARGC1A,Level_01
INS,GIP,Level_01
INS,PPARG,Level_01
INS,LEP,Level_01
INS,PDGFD,Level_01
INS,PAX4,Level_01
INS,TGFA,Level_01
INS,PDX1,Level_01
INS,NTRK1,Level_01
INS,IGFBP3,Level_01
INS,KIT,Level_01
INS,PRL,Level_01
INS,CPE,Level_01
INS,PTPRN,Level_01
INS,FGFR2,Level_01
INS,ERBB2,Level_01
INS,PDGFRA,Level_01
BCL2,SOD1,Level_01
BCL2,PPP2R5A,Level_01
BCL2,TMBIM6,Level_01
BCL2,PARP1,Level_01
BCL2,XIAP,Level_01
BCL2,MYC,Level_01
BCL2,BCLAF1,Level_01
BCL2,SIVA1,Level_01
BCL2,HRAS,Level_01
BCL2,CTSV,Level_01
BCL2,HSPB3,Level_01
BCL2,CASP3,Level_01
BCL2,TP53BP2,Level_01
BCL2,BAG3,Level_01
BCL2,ITPR3,Level_01
BCL2,PPP2R2A,Level_01
BCL2,CTSS,Level_01
BCL2,AKT3,Level_01
BCL2,PPP2R1A,Level_01
BCL2,CYCS,Level_01
BCL2,STAT3,Level_01
BCL2,ATG12,Level_01
BCL2,JUN,Level_01
BCL2,CREM,Level_01
BCL2,FKBP8,Level_01
BCL2,KEAP1,Level_01
BCL2,LOC102723407,Level_01
BCL2,DDIT3,Level_01
BCL2,BID,Level_01
BCL2,HSP90AA1,Level_01
BCL2,PPIF,Level_01
BCL2,CREB1,Level_01
BCL2,BAG1,Level_01
BCL2,HRK,Level_01
BCL2,CASP8,Level_01
BCL2,HIF1A,Level_01
BCL2,PIK3C3,Level_01
BCL2,CCND1,Level_01
BCL2,MAPK9,Level_01
BCL2,CTSD,Level_01
BCL2,AKT2,Level_01
BCL2,ATG14,Level_01
BCL2,UVRAG,Level_01
BCL2,VDAC1,Level_01
BCL2,CTSB,Level_01
BCL2,CD34,Level_01
BCL2,MAPK3,Level_01
BCL2,RTL10,Level_01
BCL2,ITPR1,Level_01
BCL2,CTSL,Level_01
BCL2,AKT1,Level_01
BCL2,CTSK,Level_01
BCL2,CDK1,Level_01
BCL2,PPID,Level_01
BCL2,BMF,Level_01
BCL2,MFN2,Level_01
BCL2,MAPK8,Level_01
BCL2,PPP2CA,Level_01
BCL2,BNIP3L,Level_01
BCL2,BNIP2,Level_01
BCL2,LGALS3,Level_01
BCL2,MAPK1,Level_01
BCL2,RAD9A,Level_01
BCL2,AMBRA1,Level_01
BCL2,APAF1,Level_01
BCL2,MDM2,Level_01
BCL2,BCL2L10,Level_01
BCL2,CASP9,Level_01
CST3,CTSS,Level_01
CST3,LCN2,Level_01
CST3,CTSB,Level_01
CST3,APP,Level_01
CST3,B2M,Level_01
ATP5F1A,CYC1,Level_01
ATP5F1A,UQCRC2,Level_01
ATP5F1A,COX4I1,Level_01
ATP5F1A,RPS3,Level_01
ATP5F1A,H7C0C1_HUMAN,Level_01
ATP5F1A,MDH2,Level_01
ATP5F1A,UQCRFS1,Level_01
ATP5F1A,ATP6V0B,Level_01
ATP5F1A,NDUFS3,Level_01
ATP5F1A,ATP6V0C,Level_01
ATP5F1A,NDUFV1,Level_01
ATP5F1A,PMPCB,Level_01
ATP5F1A,COX5B,Level_01
ATP5F1A,NDUFS2,Level_01
ATP5F1A,SLC25A3,Level_01
ATP5F1A,ATP5MC3,Level_01
ATP5F1A,ATP5MC2,Level_01
ATP5F1A,ATP6V1D,Level_01
ATP5F1A,ATP5MC1,Level_01
ATP5F1A,CS,Level_01
ATP5F1A,RPS11,Level_01
ATP5F1A,KDM6B,Level_01
ATP5F1A,ATP5MPL,Level_01
ATP5F1A,DLD,Level_01
ATP5F1A,CDCA8,Level_01
ATP5F1A,RPL23A,Level_01
ATP5F1A,NDUFS1,Level_01
ATP5F1A,COX5A,Level_01
ATP5F1A,ATPAF1,Level_01
ATP5F1A,ATP5IF1,Level_01
ATP5F1A,RPS15,Level_01
ATP5F1A,MT-ATP8,Level_01
ATP5F1A,MT-CO1,Level_01
ATP5F1A,ATPAF2,Level_01
ATP5F1A,ATP6V1B1,Level_01
ATP5F1A,RPL23,Level_01
ATP5F1A,ATP5MD,Level_01
ATP5F1A,ATP6V1B2,Level_01
ATP5F1A,RPS18,Level_01
ATP5F1A,ATP5MGL,Level_01
ATP5F1A,RPL5,Level_01
ATP5F1A,UQCRC1,Level_01
ATP5F1A,NDUFA9,Level_01
ATP5F1A,RPL11,Level_01
ATP5F1A,TUFM,Level_01
ATP5F1A,ATP6V1A,Level_01
ATP5F1A,NDUFB8,Level_01
ATP5F1A,SDHA,Level_01
ATP5F1A,SDHB,Level_01
ATP5F1A,KARS1,Level_01
NPY,SST,Level_01
NPY,NPY4R2,Level_01
NPY,TAC1,Level_01
NPY,INS,Level_01
NPY,GHRL,Level_01
NPY,GPR83,Level_01
NPY,PDYN,Level_01
NPY,MC4R,Level_01
NPY,AGRP,Level_01
NPY,CRH,Level_01
NPY,PPY,Level_01
NPY,VIP,Level_01
NPY,POMC,Level_01
NPY,HCRT,Level_01
NPY,PMCH,Level_01
NPY,LEP,Level_01
NPY,NPY4R,Level_01
NPY,GAL,Level_01
NPY,CCK,Level_01
NPY,PYY,Level_01
IL6,TLR2,Level_01
IL6,CCL3,Level_01
IL6,CCL2,Level_01
IL6,SOCS3,Level_01
IL6,CREB1,Level_01
IL6,TGFB1,Level_01
IL6,KITLG,Level_01
IL6,CCL4,Level_01
IL6,IL12RB1,Level_01
IL6,CXCL2,Level_01
IL6,IL4,Level_01
IL6,RELA,Level_01
IL6,STAT3,Level_01
IL6,IL17A,Level_01
IL6,CXCL10,Level_01
IL6,JUN,Level_01
IL6,IL1B,Level_01
IL6,TNF,Level_01
IL6,CXCR4,Level_01
IL6,JAK2,Level_01
IL6,STAT1,Level_01
IL6,IL7,Level_01
IL6,CD4,Level_01
IL6,IL1A,Level_01
IL6,LIFR,Level_01
IL6,IL18,Level_01
IL6,NFKB1,Level_01
IL6,INS,Level_01
IL6,IL9,Level_01
IL6,ICAM1,Level_01
IL6,IL13,Level_01
IL6,IL4R,Level_01
IL6,IL12RB2,Level_01
IL6,IL17F,Level_01
IL6,IL3,Level_01
IL6,LEP,Level_01
IL6,IL10RA,Level_01
IL6,IL1RN,Level_01
IL6,CRP,Level_01
IL6,A2M,Level_01
IL6,CCL20,Level_01
IL6,IL2RA,Level_01
IL6,OSM,Level_01
IL6,IFNA1,Level_01
IL6,NFKBIA,Level_01
IL6,IL7R,Level_01
IL6,MAPK1,Level_01
IL6,IL23R,Level_01
IL6,JAK1,Level_01
IL6,TLR4,Level_01
IL6,MAPK8,Level_01
IL6,PTGS2,Level_01
IL6,MYD88,Level_01
IL6,OSMR,Level_01
IL6,IL21R,Level_01
IL6,TYK2,Level_01
IL6,IL1R1,Level_01
IL6,IFNB1,Level_01
IL6,IFNGR1,Level_01
IL6,IL5,Level_01
IL6,TNFRSF1A,Level_01
IL6,TIMP1,Level_01
IL6,MMP9,Level_01
IL6,EGFR,Level_01
IL6,CXCL8,Level_01
IL6,IL10,Level_01
IL6,HAMP,Level_01
IL6,CSF2,Level_01
IL6,IFNG,Level_01
IL6,CSF3,Level_01
IL6,IGLL5,Level_01
IL6,CXCL1,Level_01
IL6,CCL5,Level_01
IL6,CD163,Level_01
IL6,IL27RA,Level_01
IL6,CD8A,Level_01
IL6,LIF,Level_01
IL6,ALB,Level_01
IL6,IL11,Level_01
IL6,VCAM1,Level_01
TF,APOA1,Level_01
IGF2,IDE,Level_01
IGF2,IGFBP7,Level_01
IGF2,IGF2BP3,Level_01
IGF2,DLK1,Level_01
IGF2,GPC3,Level_01
IGF2,INS,Level_01
IGF2,IGFBP4,Level_01
IGF2,HSPB3,Level_01
IGF2,IGF1,Level_01
IGF2,NTRK1,Level_01
IGF2,FCGR1A,Level_01
IGF2,IGF2BP2,Level_01
IGF2,IGF2BP1,Level_01
IGF2,INSR,Level_01
IGF2,CTCF,Level_01
IGF2,IRS1,Level_01
IGF2,VTN,Level_01
IGF2,IGFBP5,Level_01
RELN,LRP8,Level_01
RELN,DAB1,Level_01
RELN,ITGB1,Level_01
RELN,ITGA3,Level_01
TNF,IL1A,Level_01
TNF,TRAF3,Level_01
TNF,SPATA2,Level_01
TNF,IL18,Level_01
TNF,CASP3,Level_01
TNF,INS,Level_01
TNF,ICAM1,Level_01
TNF,MLKL,Level_01
TNF,IL2,Level_01
TNF,IL13,Level_01
TNF,CD40LG,Level_01
TNF,TNFRSF10B,Level_01
TNF,IL1B,Level_01
TNF,TRAF6,Level_01
TNF,CD4,Level_01
TNF,TNIP1,Level_01
TNF,CD86,Level_01
TNF,CYLD,Level_01
TNF,CD83,Level_01
TNF,CXCL2,Level_01
TNF,IL4,Level_01
TNF,IL6,Level_01
TNF,RELA,Level_01
TNF,STAT3,Level_01
TNF,PSME3,Level_01
TNF,RIPK3,Level_01
TNF,CXCL10,Level_01
TNF,JUN,Level_01
TNF,PSME1,Level_01
TNF,IL6R,Level_01
TNF,IL17A,Level_01
TNF,CCL3,Level_01
TNF,TLR2,Level_01
TNF,BGN,Level_01
TNF,CCL2,Level_01
TNF,LTA,Level_01
TNF,TAB1,Level_01
TNF,AZI2,Level_01
TNF,CEBPA,Level_01
TNF,TRAF1,Level_01
TNF,FN1,Level_01
TNF,TGFB1,Level_01
TNF,CCL4,Level_01
TNF,RNF31,Level_01
TNF,CSF2,Level_01
TNF,IFNG,Level_01
TNF,TNFSF12,Level_01
TNF,CCL5,Level_01
TNF,CXCL1,Level_01
TNF,CSF3,Level_01
TNF,MAPK3,Level_01
TNF,CD8A,Level_01
TNF,FADD,Level_01
TNF,TBKBP1,Level_01
TNF,TNFRSF10A,Level_01
TNF,VCAM1,Level_01
TNF,ADAM17,Level_01
TNF,FAS,Level_01
TNF,IL1R1,Level_01
TNF,IFNB1,Level_01
TNF,IL5,Level_01
TNF,IKBKE,Level_01
TNF,MMP9,Level_01
TNF,CXCL8,Level_01
TNF,IL10,Level_01
TNF,IFNA1,Level_01
TNF,NFKBIA,Level_01
TNF,TNFRSF14,Level_01
TNF,TBK1,Level_01
TNF,PSME2,Level_01
TNF,UBC,Level_01
TNF,TNFSF10,Level_01
TNF,TLR4,Level_01
TNF,PTGS2,Level_01
TNF,LTBR,Level_01
TNF,TNFRSF25,Level_01
TNF,MYD88,Level_01
TNF,TAB3,Level_01
TNF,CD40,Level_01
TNF,TANK,Level_01
TNF,RBCK1,Level_01
TNF,SHARPIN,Level_01
TNF,FASLG,Level_01
TNF,CRP,Level_01
TNF,BIRC3,Level_01
TNF,CCL20,Level_01
PRNP,HSPA5,Level_01
PRNP,NCAM1,Level_01
PRNP,STIP1,Level_01
PRNP,CSNK2A2,Level_01
PRNP,PRND,Level_01
PRNP,NCAM2,Level_01
PRNP,APP,Level_01
PRNP,FYN,Level_01
PRNP,RPSA,Level_01
PRNP,CSNK2A1,Level_01
PRNP,GSK3B,Level_01
PRNP,GRM5,Level_01
PRNP,SNCA,Level_01
PRNP,CAV1,Level_01
PRNP,CAV2,Level_01
ESR1,SFN,Level_01
ESR1,RELA,Level_01
ESR1,PRKACB,Level_01
ESR1,HSPA4,Level_01
ESR1,TP53,Level_01
ESR1,EZH2,Level_01
ESR1,EP300,Level_01
ESR1,HSP90AB1,Level_01
ESR1,GNA13,Level_01
ESR1,STAT3,Level_01
ESR1,GATA3,Level_01
ESR1,PGR,Level_01
ESR1,RPS6KB2,Level_01
ESR1,HIF1A,Level_01
ESR1,FN1,Level_01
ESR1,HDAC1,Level_01
ESR1,FOXO1,Level_01
ESR1,PELP1,Level_01
ESR1,IGF1,Level_01
ESR1,DDX5,Level_01
ESR1,ACTB,Level_01
ESR1,GREB1,Level_01
ESR1,MAPK14,Level_01
ESR1,NFKB1,Level_01
ESR1,EBAG9,Level_01
ESR1,CAV1,Level_01
ESR1,KDM4B,Level_01
ESR1,MAPK12,Level_01
ESR1,RUNX2,Level_01
ESR1,STUB1,Level_01
ESR1,MYC,Level_01
ESR1,PIK3CA,Level_01
ESR1,MED1,Level_01
ESR1,CALM1,Level_01
ESR1,BCAR1,Level_01
ESR1,AR,Level_01
ESR1,CYP19A1,Level_01
ESR1,STAT1,Level_01
ESR1,CALML4,Level_01
ESR1,SHC1,Level_01
ESR1,ESR2,Level_01
ESR1,CARM1,Level_01
ESR1,MAPK1,Level_01
ESR1,YWHAB,Level_01
ESR1,MAPK8,Level_01
ESR1,CALM3,Level_01
ESR1,PRKACA,Level_01
ESR1,UBE3A,Level_01
ESR1,MAPK11,Level_01
ESR1,ERBB2,Level_01
ESR1,CALML6,Level_01
ESR1,MDM2,Level_01
ESR1,PRKACG,Level_01
ESR1,MTA1,Level_01
ESR1,CALML3,Level_01
ESR1,CTNNB1,Level_01
ESR1,PPARGC1A,Level_01
ESR1,TBP,Level_01
ESR1,CREBBP,Level_01
ESR1,TRIM24,Level_01
ESR1,FOXA1,Level_01
ESR1,GPER1,Level_01
ESR1,CALML5,Level_01
ESR1,PIK3R1,Level_01
ESR1,KDM1A,Level_01
ESR1,TFAP2C,Level_01
ESR1,ERBB4,Level_01
ESR1,MAPK3,Level_01
ESR1,DDX17,Level_01
ESR1,TFF1,Level_01
ESR1,HSPA8,Level_01
ESR1,MAPK9,Level_01
ESR1,CCND1,Level_01
ESR1,ATAD2,Level_01
ESR1,MEN1,Level_01
ESR1,NCOR2,Level_01
ESR1,CALM2,Level_01
ESR1,PPID,Level_01
ESR1,PHB2,Level_01
ESR1,PTGES3,Level_01
ESR1,SAFB,Level_01
ESR1,EGFR,Level_01
ESR1,STRN,Level_01
ESR1,RPS6KB1,Level_01
ESR1,MAPK13,Level_01
INPP5D,INPP4B,Level_01
INPP5D,PIK3CB,Level_01
INPP5D,INPP4A,Level_01
INPP5D,PIK3CA,Level_01
INPP5D,PIK3CG,Level_01
INPP5D,PIK3CD,Level_01
INPP5D,SHC1,Level_01
INPP5D,INPPL1,Level_01
INPP5D,GRB2,Level_01
INPP5D,PECAM1,Level_01
INPP5D,PIK3R1,Level_01
INPP5D,LYN,Level_01
INPP5D,FCGR2B,Level_01
INPP5D,PTEN,Level_01
INPP5D,PIK3R2,Level_01
UNC5C,DCC,Level_01
UNC5C,ADGRL3,Level_01
UNC5C,ADGRL1,Level_01
UNC5C,SRC,Level_01
UNC5C,ADGRL2,Level_01
CHRNA7,CHRNA2,Level_01
CHRNA7,CHRNB2,Level_01
CHRNA7,CHRNB4,Level_01
CHRNA7,CHRNA3,Level_01
CHRNA7,CHRFAM7A,Level_01
CHRNA7,CHRNA9,Level_01
CHRNA7,CHRNA4,Level_01
TOMM40,TIMM13,Level_01
TOMM40,TIMM17A,Level_01
TOMM40,SOD1,Level_01
TOMM40,TIMM50,Level_01
TOMM40,VPS39,Level_01
TOMM40,HSPA9,Level_01
TOMM40,VDAC1,Level_01
TOMM40,IMMT,Level_01
TOMM40,PINK1,Level_01
TOMM40,TIMM23,Level_01
TOMM40,MTX3,Level_01
TOMM40,MTX1,Level_01
TOMM40,TIMM44,Level_01
BDNF,MECP2,Level_01
BDNF,SORT1,Level_01
BDNF,NTF4,Level_01
BDNF,GFRA1,Level_01
BDNF,CNTF,Level_01
BDNF,CREB1,Level_01
BDNF,COMT,Level_01
BDNF,SLC6A4,Level_01
BDNF,GRIN2B,Level_01
BDNF,MAPK3,Level_01
BDNF,GDNF,Level_01
BDNF,NTF3,Level_01
HFE,HJV,Level_01
HFE,SLC40A1,Level_01
HFE,TMPRSS6,Level_01
HFE,HAMP,Level_01
MME,XPNPEP2,Level_01
MME,DPP4,Level_01
MME,ACE2,Level_01
MME,BCL6,Level_01
MME,PRCP,Level_01
MME,MEP1B,Level_01
MME,CD19,Level_01
MME,CD5,Level_01
MME,MEP1A,Level_01
MME,IDE,Level_01
MME,AGT,Level_01
CDK5,FYN,Level_01
CDK5,CCNL2,Level_01
CDK5,CDK2,Level_01
CDK5,C2CD5,Level_01
CDK5,CCND2,Level_01
CDK5,CDKN1B,Level_01
CDK5,CABLES1,Level_01
CDK5,PPP1R1B,Level_01
CDK5,DLG4,Level_01
CDK5,DPYSL2,Level_01
CDK5,TP53,Level_01
CDK5,JUN,Level_01
CDK5,CDK5R2,Level_01
TFAM,TFB1M,Level_01
TFAM,PPARGC1A,Level_01
TFAM,HSPA5,Level_01
TFAM,SSBP1,Level_01
TFAM,NRF1,Level_01
TFAM,GABPA,Level_01
TFAM,TWNK,Level_01
TFAM,POLG,Level_01
TFAM,TP53,Level_01
TFAM,GABPB1,Level_01
DPYSL2,NUMBL,Level_01
DPYSL2,FES,Level_01
DPYSL2,CDK5,Level_01
DPYSL2,DPYSL5,Level_01
DPYSL2,CACNA1B,Level_01
DPYSL2,NUMB,Level_01
DPYSL2,DPYSL3,Level_01
DPYSL2,GSK3B,Level_01
SOD2,FOXO3,Level_01
SOD2,KAT2A,Level_01
SOD2,ACO2,Level_01
SOD2,ACO1,Level_01
SOD2,PARK7,Level_01
SOD2,PPARGC1A,Level_01
SOD2,SOD1,Level_01
SOD2,WDR5,Level_01
WWOX,FHIT,Level_01
WWOX,TFAP2C,Level_01
WWOX,ERBB4,Level_01
APOC1,APOA5,Level_01
APOC1,APOA2,Level_01
APOC1,APOA4,Level_01
APOC1,APOA1,Level_01
APOC1,PON1,Level_01
APOC1,APOL1,Level_01
APOC1,APOC4,Level_01
APOC1,LCAT,Level_01
APOC1,APOB,Level_01
APOC1,APOM,Level_01
APOC1,APOH,Level_01
APOC1,CETP,Level_01
APOC1,CLU,Level_01
PLCG2,LAT,Level_01
PLCG2,ERBB4,Level_01
PLCG2,PTEN,Level_01
PLCG2,PLA2G4A,Level_01
PLCG2,FYN,Level_01
PLCG2,LCP2,Level_01
PLCG2,TEC,Level_01
PLCG2,ITPR1,Level_01
PLCG2,EGFR,Level_01
PLCG2,HCST,Level_01
PLCG2,PTPN11,Level_01
PLCG2,VAV3,Level_01
PLCG2,RAC2,Level_01
PLCG2,GNAQ,Level_01
PLCG2,SH3BP2,Level_01
PLCG2,ERBB2,Level_01
PLCG2,CALM3,Level_01
PLCG2,VAV1,Level_01
PLCG2,LYN,Level_01
PLCG2,PLCG1,Level_01
PLCG2,CALML3,Level_01
PLCG2,CALML6,Level_01
PLCG2,PIK3R1,Level_01
PLCG2,PRKCA,Level_01
PLCG2,CALML5,Level_01
PLCG2,PRKCB,Level_01
PLCG2,AXL,Level_01
PLCG2,PRKCD,Level_01
PLCG2,ICAM1,Level_01
PLCG2,ERBB3,Level_01
PLCG2,GAB2,Level_01
PLCG2,DAPP1,Level_01
PLCG2,PIK3CD,Level_01
PLCG2,FGFR1,Level_01
PLCG2,PIK3CA,Level_01
PLCG2,ITPR3,Level_01
PLCG2,SHC1,Level_01
PLCG2,MET,Level_01
PLCG2,CALML4,Level_01
PLCG2,JAK2,Level_01
PLCG2,FCER1G,Level_01
PLCG2,LOC102723407,Level_01
PLCG2,FGFR3,Level_01
PLCG2,KDR,Level_01
PLCG2,CAMK4,Level_01
PLCG2,SRC,Level_01
PLCG2,PIK3CB,Level_01
PLCG2,RASGRP3,Level_01
PLCG2,INPP5A,Level_01
PLCG2,VAV2,Level_01
PLCG2,PDGFRB,Level_01
PLCG2,ITPR2,Level_01
PLCG2,ALK,Level_01
CTNNB1,SETD1A,Level_01
CTNNB1,PYGO1,Level_01
CTNNB1,CASP3,Level_01
CTNNB1,NFKB1,Level_01
CTNNB1,PTPRB,Level_01
CTNNB1,TBL1Y,Level_01
CTNNB1,YWHAZ,Level_01
CTNNB1,AMER1,Level_01
CTNNB1,IGF1R,Level_01
CTNNB1,MYC,Level_01
CTNNB1,MUC1,Level_01
CTNNB1,ROCK1,Level_01
CTNNB1,PXN,Level_01
CTNNB1,CAV1,Level_01
CTNNB1,PECAM1,Level_01
CTNNB1,NR5A2,Level_01
CTNNB1,SMARCA4,Level_01
CTNNB1,LDB1,Level_01
CTNNB1,AR,Level_01
CTNNB1,MAGI3,Level_01
CTNNB1,APC2,Level_01
CTNNB1,FGFR1,Level_01
CTNNB1,CACYBP,Level_01
CTNNB1,SOX9,Level_01
CTNNB1,TCF3,Level_01
CTNNB1,ESR1,Level_01
CTNNB1,MET,Level_01
CTNNB1,TAX1BP3,Level_01
CTNNB1,VCL,Level_01
CTNNB1,NANOG,Level_01
CTNNB1,PTPN1,Level_01
CTNNB1,LRRFIP1,Level_01
CTNNB1,LRP5,Level_01
CTNNB1,MAGI2,Level_01
CTNNB1,FBXW7,Level_01
CTNNB1,CDC73,Level_01
CTNNB1,CDH8,Level_01
CTNNB1,RUVBL2,Level_01
CTNNB1,MEF2C,Level_01
CTNNB1,SMAD4,Level_01
CTNNB1,KDR,Level_01
CTNNB1,TP53,Level_01
CTNNB1,EZH2,Level_01
CTNNB1,FOXM1,Level_01
CTNNB1,LIMA1,Level_01
CTNNB1,RELA,Level_01
CTNNB1,OCLN,Level_01
CTNNB1,PRKACB,Level_01
CTNNB1,TBX5,Level_01
CTNNB1,MAGI1,Level_01
CTNNB1,CSNK2A1,Level_01
CTNNB1,SMAD2,Level_01
CTNNB1,HIF1A,Level_01
CTNNB1,CBY1,Level_01
CTNNB1,PTPRF,Level_01
CTNNB1,FAT1,Level_01
CTNNB1,FER,Level_01
CTNNB1,TBL1X,Level_01
CTNNB1,TRRAP,Level_01
CTNNB1,TBL1XR1,Level_01
CTNNB1,FOXO1,Level_01
CTNNB1,RBBP5,Level_01
CTNNB1,CREB1,Level_01
CTNNB1,BCL9L,Level_01
CTNNB1,HDAC1,Level_01
CTNNB1,DVL2,Level_01
CTNNB1,FOXO4,Level_01
CTNNB1,KRIT1,Level_01
CTNNB1,PTEN,Level_01
CTNNB1,SOX2,Level_01
CTNNB1,PITX2,Level_01
CTNNB1,FHL2,Level_01
CTNNB1,MEN1,Level_01
CTNNB1,CTNNA3,Level_01
CTNNB1,FOXO3,Level_01
CTNNB1,JUP,Level_01
CTNNB1,WNT1,Level_01
CTNNB1,CDH15,Level_01
CTNNB1,ROCK2,Level_01
CTNNB1,CCND1,Level_01
CTNNB1,FYN,Level_01
CTNNB1,CTNNA2,Level_01
CTNNB1,KMT2D,Level_01
CTNNB1,SOX6,Level_01
CTNNB1,CSNK2B,Level_01
CTNNB1,RUNX3,Level_01
CTNNB1,LRP6,Level_01
CTNNB1,SMAD7,Level_01
CTNNB1,CSNK2A2,Level_01
CTNNB1,PYGO2,Level_01
CTNNB1,AKT1,Level_01
CTNNB1,EGFR,Level_01
CTNNB1,DKK1,Level_01
CTNNB1,FZD2,Level_01
CTNNB1,SIAH1,Level_01
CTNNB1,CSNK1A1L,Level_01
CTNNB1,TLE1,Level_01
CTNNB1,WNT3A,Level_01
CTNNB1,GSK3A,Level_01
CTNNB1,CDH3,Level_01
CTNNB1,RBPJ,Level_01
CTNNB1,YAP1,Level_01
CTNNB1,TJP1,Level_01
CTNNB1,EMD,Level_01
CTNNB1,CHD8,Level_01
CTNNB1,PRKACA,Level_01
CTNNB1,TLE4,Level_01
CTNNB1,SNAI1,Level_01
CTNNB1,KLF4,Level_01
CTNNB1,ERBB2,Level_01
CTNNB1,CDH11,Level_01
CTNNB1,UBE3A,Level_01
CTNNB1,TERT,Level_01
CTNNB1,ABL1,Level_01
CTNNB1,PRKACG,Level_01
CTNNB1,PPARG,Level_01
CTNNB1,FBXW11,Level_01
CTNNB1,TLE3,Level_01
CTNNB1,PKM,Level_01
CTNNB1,CTBP1,Level_01
CTNNB1,CDKN2A,Level_01
CTNNB1,WNT3,Level_01
CTNNB1,NOTCH1,Level_01
CTNNB1,DVL1,Level_01
CTNNB1,PTPRM,Level_01
CTNNB1,SOX17,Level_01
ENO1,EGFR,Level_01
ENO1,PGAM1,Level_01
ENO1,TKT,Level_01
ENO1,H6PD,Level_01
ENO1,PCK2,Level_01
ENO1,ENO2,Level_01
ENO1,TALDO1,Level_01
ENO1,BPGM,Level_01
ENO1,GPI,Level_01
ENO1,LDHA,Level_01
ENO1,PGAM2,Level_01
ENO1,PGK2,Level_01
ENO1,PCK1,Level_01
ENO1,PLG,Level_01
ENO1,PKM,Level_01
ENO1,ALDOC,Level_01
ENO1,PGK1,Level_01
ENO1,ALDOA,Level_01
ENO1,GLYCTK,Level_01
ENO1,TKTL2,Level_01
ENO1,ALDOB,Level_01
ENO1,GAPDH,Level_01
ENO1,PGAM4,Level_01
ENO1,PKLR,Level_01
ENO1,PGM1,Level_01
ENO1,TKTL1,Level_01
ENO1,ENO3,Level_01
ENO1,HLA-DRB1,Level_01
ENO1,TPI1,Level_01
CYP2D6,UGT1A10,Level_01
CYP2D6,UGT2B15,Level_01
CYP2D6,CYP1A1,Level_01
CYP2D6,UGT1A4,Level_01
CYP2D6,UGT2A3,Level_01
CYP2D6,CYP3A4,Level_01
CYP2D6,PPIG,Level_01
CYP2D6,MAOB,Level_01
CYP2D6,UGT2B11,Level_01
CYP2D6,UGT2B4,Level_01
CYP2D6,FMO3,Level_01
CYP2D6,UGT2B28,Level_01
CYP2D6,UGT1A6,Level_01
CYP2D6,UGT1A7,Level_01
CYP2D6,FMO1,Level_01
CYP2D6,UGT2A2,Level_01
CYP2D6,UGT2B7,Level_01
CYP2D6,CYP2A6,Level_01
CYP2D6,TPMT,Level_01
CYP2D6,UGT2B10,Level_01
CYP2D6,CBR3,Level_01
CYP2D6,UGT1A8,Level_01
CYP2D6,HSD11B1L,Level_01
CYP2D6,HSD11B1,Level_01
CYP2D6,UGT1A9,Level_01
CYP2D6,UGT1A3,Level_01
CYP2D6,FMO2,Level_01
CYP2D6,CYP2C19,Level_01
CYP2D6,UGT2B17,Level_01
CYP2D6,UGT1A1,Level_01
CYP2D6,UGT1A5,Level_01
CYP2D6,FMO5,Level_01
CYP2D6,FMO4,Level_01
CYP2D6,MAOA,Level_01
CYP2D6,CYP2A13,Level_01
CYP2D6,CBR1,Level_01
IGF1R,PIK3CD,Level_01
IGF1R,INSRR,Level_01
IGF1R,SHC3,Level_01
IGF1R,PIK3CA,Level_01
IGF1R,ERBB3,Level_01
IGF1R,JAK2,Level_01
IGF1R,KL,Level_01
IGF1R,PTPN1,Level_01
IGF1R,HRAS,Level_01
IGF1R,SHC4,Level_01
IGF1R,GRB2,Level_01
IGF1R,GNA12,Level_01
IGF1R,CAV1,Level_01
IGF1R,IRS4,Level_01
IGF1R,GAB1,Level_01
IGF1R,PTK2,Level_01
IGF1R,EGF,Level_01
IGF1R,NEDD4,Level_01
IGF1R,SRC,Level_01
IGF1R,PIK3CB,Level_01
IGF1R,INS-IGF2,Level_01
IGF1R,PRKACB,Level_01
IGF1R,GNA13,Level_01
IGF1R,STAT3,Level_01
IGF1R,GNAI2,Level_01
IGF1R,TSHR,Level_01
IGF1R,GRB10,Level_01
IGF1R,HGF,Level_01
IGF1R,INSR,Level_01
IGF1R,PTPN11,Level_01
IGF1R,EGFR,Level_01
IGF1R,GNAS,Level_01
IGF1R,ITGB3,Level_01
IGF1R,SHC2,Level_01
IGF1R,CRKL,Level_01
IGF1R,PIK3R2,Level_01
IGF1R,GNAI1,Level_01
IGF1R,NRAS,Level_01
IGF1R,PLCG1,Level_01
IGF1R,APPL1,Level_01
IGF1R,PRKACG,Level_01
IGF1R,MDM2,Level_01
IGF1R,IRS2,Level_01
IGF1R,CTNNB1,Level_01
IGF1R,PIK3R3,Level_01
IGF1R,PIK3R1,Level_01
IGF1R,KRAS,Level_01
IGF1R,IGFBP3,Level_01
IGF1R,JAK1,Level_01
IGF1R,ERBB2,Level_01
IGF1R,PRKACA,Level_01
CALM1,NRGN,Level_01
CALM1,EEF2K,Level_01
CALM1,SLC9A1,Level_01
CALM1,CAMK2B,Level_01
CALM1,GRK5,Level_01
CALM1,SPTAN1,Level_01
CALM1,CALM2,Level_01
CALM1,PHKA2,Level_01
CALM1,CACNA1B,Level_01
CALM1,MYLK,Level_01
CALM1,CACNA1S,Level_01
CALM1,GRIN1,Level_01
CALM1,ITPKA,Level_01
CALM1,MYO10,Level_01
CALM1,ATP2B4,Level_01
CALM1,CALM3,Level_01
CALM1,CAMKK1,Level_01
CALM1,KCNN2,Level_01
CALM1,CACNA1E,Level_01
CALM1,NOS3,Level_01
CALM1,SNCA,Level_01
CALM1,CACNA1A,Level_01
CALM1,CAMK2A,Level_01
CALM1,ESR1,Level_01
CALM1,PHKB,Level_01
CALM1,MYO1C,Level_01
CALM1,PHKG2,Level_01
CALM1,DLG4,Level_01
CALM1,PPP3CA,Level_01
CALM1,CAMK2D,Level_01
CALM1,RYR1,Level_01
CALM1,IQGAP1,Level_01
CALM1,MARCKS,Level_01
CALM1,PHKA1,Level_01
CALM1,CAMK1,Level_01
CALM1,NOS2,Level_01
CALM1,CAMK2G,Level_01
CALM1,SCN5A,Level_01
CALM1,SCN2A,Level_01
CALM1,ORAI1,Level_01
CALM1,CACNA1C,Level_01
CALM1,DAPK1,Level_01
